2025-03-21 09:45:02, 
2025-03-21 10:04:58, 
2025-03-21 10:14:32, 
2025-03-21 10:16:13, 
2025-03-21 10:20:29, 
2025-03-21 10:25:14, 83988
2025-03-21 11:07:12, 84055
2025-03-21 11:11:14, 84037
2025-03-21 11:11:51, 84062
2025-03-21 11:18:20, 84027
2025-03-21 12:28:01, 84275
2025-03-21 12:28:59, 84275
2025-03-21 12:30:01, 84281
2025-03-21 12:32:01, 84253
2025-03-21 13:34:01, 84215
2025-03-21 13:35:02, 84149
2025-03-21 13:36:01, 84147
2025-03-21 13:37:01, 84140
2025-03-21 13:38:01, 84115
2025-03-21 13:39:01, 84098
2025-03-21 13:40:02, 83952
2025-03-21 13:41:01, 83899
2025-03-21 13:42:01, 83870
2025-03-21 13:43:01, 83809
2025-03-21 13:44:01, 83760
2025-03-21 13:45:01, 83632
2025-03-21 13:46:02, 83667
2025-03-21 13:47:01, 83684
2025-03-21 13:48:01, 83706
2025-03-21 13:49:01, 83727
2025-03-21 13:50:01, 83772
2025-03-21 13:51:01, 83795
2025-03-21 13:52:02, 83836
2025-03-21 13:53:01, 83817
2025-03-21 13:54:01, 83814
2025-03-21 13:55:01, 83773
2025-03-21 13:56:01, 83752
2025-03-21 13:57:02, 83665
2025-03-21 13:58:01, 83669
2025-03-21 13:59:01, 83546
2025-03-21 14:00:01, 83511
2025-03-21 14:01:01, 83463
2025-03-21 14:02:02, 83327
2025-03-21 14:03:01, 83370
2025-03-21 14:04:01, 83370
2025-03-21 14:05:01, 83424
2025-03-21 14:06:01, 83424
2025-03-21 14:07:01, 83341
2025-03-21 14:08:02, 83376
2025-03-21 14:09:01, 83479
2025-03-21 14:10:01, 83506
2025-03-21 14:11:01, 83512
2025-03-21 14:12:01, 83520
2025-03-21 14:13:02, 83553
2025-03-21 14:14:01, 83622
2025-03-21 14:15:01, 83619
2025-03-21 14:16:01, 83619
2025-03-21 14:17:01, 83631
2025-03-21 14:18:01, 83674
2025-03-21 14:19:01, 83723
2025-03-21 14:20:01, 83696
2025-03-21 14:21:01, 83706
2025-03-21 14:22:01, 83745
2025-03-21 14:23:01, 83735
2025-03-21 14:24:01, 83680
2025-03-21 14:25:02, 83615
2025-03-21 14:26:01, 83558
2025-03-21 14:27:01, 83522
2025-03-21 14:28:01, 83533
2025-03-21 14:29:01, 83508
2025-03-21 14:30:02, 83515
2025-03-21 14:31:01, 83602
2025-03-21 14:32:01, 83716
2025-03-21 14:33:01, 83714
2025-03-21 14:34:01, 83714
2025-03-21 14:35:02, 83451
2025-03-21 14:36:01, 83380
2025-03-21 14:37:01, 83351
2025-03-21 14:38:01, 83351
2025-03-21 14:39:01, 83187
2025-03-21 14:40:01, 83195
2025-03-21 14:41:02, 83202
2025-03-21 14:42:01, 83239
2025-03-21 14:43:01, 83357
2025-03-21 14:44:01, 83667
2025-03-21 14:45:01, 83681
2025-03-21 14:46:02, 83647
2025-03-21 14:47:01, 83714
2025-03-21 14:48:01, 83751
2025-03-21 14:49:01, 83876
2025-03-21 14:50:01, 83850
2025-03-21 14:51:02, 83909
2025-03-21 14:52:01, 83862
2025-03-21 14:53:01, 83858
2025-03-21 14:54:01, 83892
2025-03-21 14:55:01, 83914
2025-03-21 14:56:01, 83900
2025-03-21 14:57:02, 83938
2025-03-21 14:58:01, 83935
2025-03-21 14:59:01, 83893
2025-03-21 15:00:01, 83948
2025-03-21 15:01:01, 84019
2025-03-21 15:02:01, 83983
2025-03-21 15:03:02, 83848
2025-03-21 15:04:01, 83820
2025-03-21 15:05:01, 83812
2025-03-21 15:06:01, 83789
2025-03-21 15:07:01, 83683
2025-03-21 15:08:02, 83652
2025-03-21 15:09:01, 83625
2025-03-21 15:10:01, 83625
2025-03-21 15:11:01, 83640
2025-03-21 15:12:01, 83610
2025-03-21 15:13:01, 83517
2025-03-21 15:14:02, 83517
2025-03-21 15:15:01, 83606
2025-03-21 15:16:01, 83606
2025-03-21 15:17:01, 83645
2025-03-21 15:18:01, 83807
2025-03-21 15:19:01, 83758
2025-03-21 15:20:02, 83834
2025-03-21 15:21:01, 83863
2025-03-21 15:22:01, 83897
2025-03-21 15:23:01, 83994
2025-03-21 15:24:01, 83954
2025-03-21 15:25:02, 84074
2025-03-21 15:26:01, 84156
2025-03-21 15:27:01, 84154
2025-03-21 15:28:01, 84161
2025-03-21 15:29:01, 84181
2025-03-21 15:30:02, 84155
2025-03-21 15:31:01, 84103
2025-03-21 15:32:01, 84024
2025-03-21 15:33:01, 84024
2025-03-21 15:34:01, 84166
2025-03-21 15:35:01, 84162
2025-03-21 15:36:01, 84119
2025-03-21 15:37:02, 84119
2025-03-21 15:38:01, 84081
2025-03-21 15:39:01, 83992
2025-03-21 15:40:01, 83989
2025-03-21 15:41:01, 83939
2025-03-21 15:42:02, 83928
2025-03-21 15:43:01, 83928
2025-03-21 15:44:01, 83933
2025-03-21 15:45:01, 83933
2025-03-21 15:46:01, 83959
2025-03-21 15:47:02, 83996
2025-03-21 15:48:01, 84047
2025-03-21 15:49:01, 84047
2025-03-21 15:50:01, 84045
2025-03-21 15:51:01, 84058
2025-03-21 15:52:02, 84102
2025-03-21 15:53:01, 84080
2025-03-21 15:54:01, 83858
2025-03-21 15:55:01, 83870
2025-03-21 15:56:01, 83935
2025-03-21 15:57:02, 83994
2025-03-21 15:58:01, 83999
2025-03-21 15:59:01, 84094
2025-03-21 16:00:01, 84107
2025-03-21 16:01:01, 84173
2025-03-21 16:02:02, 84202
2025-03-21 16:03:01, 84241
2025-03-21 16:04:01, 84207
2025-03-21 16:05:01, 84129
2025-03-21 16:06:01, 84095
2025-03-21 16:07:01, 84057
2025-03-21 16:08:02, 83993
2025-03-21 16:09:01, 84001
2025-03-21 16:10:01, 84001
2025-03-21 16:11:01, 84003
2025-03-21 16:12:01, 84015
2025-03-21 16:13:01, 83995
2025-03-21 16:14:02, 83995
2025-03-21 16:15:01, 84003
2025-03-21 16:16:01, 83848
2025-03-21 16:17:01, 83858
2025-03-21 16:18:02, 83858
2025-03-21 16:19:01, 83812
2025-03-21 16:20:01, 83834
2025-03-21 16:21:01, 83850
2025-03-21 16:22:01, 83807
2025-03-21 16:23:01, 83692
2025-03-21 16:24:01, 83739
2025-03-21 16:25:02, 83764
2025-03-21 16:26:01, 83757
2025-03-21 16:27:01, 83768
2025-03-21 16:28:01, 83808
2025-03-21 16:29:01, 83802
2025-03-21 16:30:01, 83766
2025-03-21 16:31:01, 83759
2025-03-21 16:32:02, 83760
2025-03-21 16:33:01, 83771
2025-03-21 16:34:01, 83817
2025-03-21 16:35:01, 83904
2025-03-21 16:36:01, 83904
2025-03-21 16:37:02, 83840
2025-03-21 16:38:01, 83798
2025-03-21 16:39:01, 83742
2025-03-21 16:40:01, 83742
2025-03-21 16:41:01, 83728
2025-03-21 16:42:01, 83727
2025-03-21 16:43:02, 83723
2025-03-21 16:44:01, 83718
2025-03-21 16:45:01, 83648
2025-03-21 16:46:01, 83558
2025-03-21 16:47:01, 83579
2025-03-21 16:48:01, 83582
2025-03-21 16:49:02, 83618
2025-03-21 16:50:01, 83639
2025-03-21 16:51:01, 83690
2025-03-21 16:52:01, 83678
2025-03-21 16:53:01, 83692
2025-03-21 16:54:01, 83688
2025-03-21 16:55:01, 83675
2025-03-21 16:56:02, 83631
2025-03-21 16:57:01, 83554
2025-03-21 16:58:01, 83554
2025-03-21 16:59:01, 83561
2025-03-21 17:00:01, 83525
2025-03-21 17:01:02, 83524
2025-03-21 17:02:01, 83510
2025-03-21 17:03:01, 83509
2025-03-21 17:04:01, 83488
2025-03-21 17:05:01, 83434
2025-03-21 17:06:01, 83435
2025-03-21 17:07:02, 83451
2025-03-21 17:08:01, 83402
2025-03-21 17:09:01, 83446
2025-03-21 17:10:01, 83510
2025-03-21 17:11:01, 83554
2025-03-21 17:12:01, 83663
2025-03-21 17:13:02, 83654
2025-03-21 17:14:01, 83654
2025-03-21 17:15:01, 83752
2025-03-21 17:16:01, 83740
2025-03-21 17:17:01, 83817
2025-03-21 17:18:01, 83791
2025-03-21 17:19:02, 83733
2025-03-21 17:20:01, 83711
2025-03-21 17:21:01, 83682
2025-03-21 17:22:01, 83682
2025-03-21 17:23:01, 83745
2025-03-21 17:24:01, 83788
2025-03-21 17:25:02, 83837
2025-03-21 17:26:01, 83981
2025-03-21 17:27:01, 83985
2025-03-21 17:28:01, 83926
2025-03-21 17:29:01, 83931
2025-03-21 17:30:01, 83949
2025-03-21 17:31:02, 83991
2025-03-21 17:32:01, 83991
2025-03-21 17:33:01, 83971
2025-03-21 17:34:01, 84040
2025-03-21 17:35:01, 84066
2025-03-21 17:36:01, 84039
2025-03-21 17:37:01, 83975
2025-03-21 17:38:02, 83981
2025-03-21 17:39:01, 83897
2025-03-21 17:40:01, 83866
2025-03-21 17:41:01, 83825
2025-03-21 17:42:01, 83826
2025-03-21 17:43:01, 83817
2025-03-21 17:44:01, 83840
2025-03-21 17:45:02, 83837
2025-03-21 17:46:01, 83787
2025-03-21 17:47:01, 83772
2025-03-21 17:48:01, 83834
2025-03-21 17:49:01, 83895
2025-03-21 17:50:01, 83920
2025-03-21 17:51:01, 83998
2025-03-21 17:52:02, 83996
2025-03-21 17:53:01, 83991
2025-03-21 17:54:01, 83991
2025-03-21 17:55:01, 83985
2025-03-21 17:56:02, 83915
2025-03-21 17:57:01, 83925
2025-03-21 17:58:01, 83971
2025-03-21 17:59:01, 83966
2025-03-21 18:00:01, 84003
2025-03-21 18:01:01, 84073
2025-03-21 18:02:01, 84079
2025-03-21 18:03:02, 84005
2025-03-21 18:04:01, 83976
2025-03-21 18:05:01, 83942
2025-03-21 18:06:01, 83861
2025-03-21 18:07:01, 83849
2025-03-21 18:08:01, 83874
2025-03-21 18:09:01, 83892
2025-03-21 18:10:02, 83890
2025-03-21 18:11:01, 83890
2025-03-21 18:12:01, 83907
2025-03-21 18:13:01, 83914
2025-03-21 18:14:02, 83940
2025-03-21 18:15:01, 83920
2025-03-21 18:16:01, 83922
2025-03-21 18:17:01, 83888
2025-03-21 18:18:01, 83853
2025-03-21 18:19:01, 83851
2025-03-21 18:20:02, 83839
2025-03-21 18:21:01, 83840
2025-03-21 18:22:01, 83855
2025-03-21 18:23:01, 83874
2025-03-21 18:24:01, 83874
2025-03-21 18:25:02, 83904
2025-03-21 18:26:01, 83927
2025-03-21 18:27:01, 83902
2025-03-21 18:28:01, 83894
2025-03-21 18:29:01, 83846
2025-03-21 18:30:01, 83836
2025-03-21 18:31:02, 83740
2025-03-21 18:32:01, 83759
2025-03-21 18:33:01, 83767
2025-03-21 18:34:01, 83748
2025-03-21 18:35:01, 83725
2025-03-21 18:36:01, 83730
2025-03-21 18:37:01, 83762
2025-03-21 18:38:02, 83787
2025-03-21 18:39:01, 83835
2025-03-21 18:40:01, 83835
2025-03-21 18:41:01, 83900
2025-03-21 18:42:01, 83910
2025-03-21 18:43:01, 83941
2025-03-21 18:44:01, 83946
2025-03-21 18:45:01, 83963
2025-03-21 18:46:01, 84013
2025-03-21 18:47:01, 84037
2025-03-21 18:48:01, 84070
2025-03-21 18:49:01, 84086
2025-03-21 18:50:01, 84112
2025-03-21 18:51:02, 84113
2025-03-21 18:52:01, 84102
2025-03-21 18:53:01, 84105
2025-03-21 18:54:01, 84097
2025-03-21 18:55:01, 84084
2025-03-21 18:56:01, 84078
2025-03-21 18:57:01, 84029
2025-03-21 18:58:02, 84017
2025-03-21 18:59:01, 84006
2025-03-21 19:00:01, 84006
2025-03-21 19:01:02, 83998
2025-03-21 19:02:01, 83987
2025-03-21 19:03:01, 83979
2025-03-21 19:04:01, 83976
2025-03-21 19:05:01, 83964
2025-03-21 19:06:01, 83973
2025-03-21 19:07:01, 84005
2025-03-21 19:08:02, 83985
2025-03-21 19:09:01, 83947
2025-03-21 19:10:01, 83878
2025-03-21 19:11:01, 83902
2025-03-21 19:12:01, 83933
2025-03-21 19:13:01, 83920
2025-03-21 19:14:01, 83914
2025-03-21 19:15:02, 83921
2025-03-21 19:16:01, 83902
2025-03-21 19:17:01, 83894
2025-03-21 19:18:01, 83894
2025-03-21 19:19:01, 83906
2025-03-21 19:20:01, 83993
2025-03-21 19:21:02, 84002
2025-03-21 19:22:01, 84016
2025-03-21 19:23:01, 83988
2025-03-21 19:24:01, 83983
2025-03-21 19:25:01, 83999
2025-03-21 19:26:01, 83997
2025-03-21 19:27:01, 84002
2025-03-21 19:28:02, 84013
2025-03-21 19:29:01, 84036
2025-03-21 19:30:01, 84044
2025-03-21 19:31:01, 84058
2025-03-21 19:32:01, 84088
2025-03-21 19:33:01, 84112
2025-03-21 19:34:01, 84165
2025-03-21 19:35:01, 84182
2025-03-21 19:36:02, 84204
2025-03-21 19:37:01, 84204
2025-03-21 19:38:01, 84231
2025-03-21 19:39:01, 84224
2025-03-21 19:40:01, 84250
2025-03-21 19:41:01, 84295
2025-03-21 19:42:02, 84414
2025-03-21 19:43:01, 84384
2025-03-21 19:44:01, 84335
2025-03-21 19:45:01, 84292
2025-03-21 19:46:01, 84284
2025-03-21 19:47:01, 84271
2025-03-21 19:48:02, 84256
2025-03-21 19:49:01, 84230
2025-03-21 19:50:01, 84173
2025-03-21 19:51:01, 84179
2025-03-21 19:52:01, 84136
2025-03-21 19:53:02, 84125
2025-03-21 19:54:01, 84125
2025-03-21 19:55:01, 84123
2025-03-21 19:56:01, 84105
2025-03-21 19:57:01, 84057
2025-03-21 19:58:01, 84082
2025-03-21 19:59:01, 84106
2025-03-21 20:00:02, 84133
2025-03-21 20:01:01, 84115
2025-03-21 20:02:01, 84086
2025-03-21 20:03:01, 84046
2025-03-21 20:04:01, 84015
2025-03-21 20:05:02, 84004
2025-03-21 20:06:01, 83945
2025-03-21 20:07:01, 83963
2025-03-21 20:08:01, 83987
2025-03-21 20:09:01, 83987
2025-03-21 20:10:01, 83956
2025-03-21 20:11:02, 83947
2025-03-21 20:12:01, 83947
2025-03-21 20:13:01, 83945
2025-03-21 20:14:01, 83979
2025-03-21 20:15:01, 83974
2025-03-21 20:16:01, 83970
2025-03-21 20:17:01, 83981
2025-03-21 20:18:01, 84013
2025-03-21 20:19:02, 84070
2025-03-21 20:20:01, 84069
2025-03-21 20:21:01, 84089
2025-03-21 20:22:01, 84085
2025-03-21 20:23:01, 84062
2025-03-21 20:24:01, 84053
2025-03-21 20:25:01, 84061
2025-03-21 20:26:02, 84082
2025-03-21 20:27:01, 84110
2025-03-21 20:28:01, 84105
2025-03-21 20:29:01, 84028
2025-03-21 20:30:01, 84021
2025-03-21 20:31:02, 83986
2025-03-21 20:32:01, 83986
2025-03-21 20:33:01, 83964
2025-03-21 20:34:01, 83973
2025-03-21 20:35:01, 83994
2025-03-21 20:36:02, 83997
2025-03-21 20:37:01, 83979
2025-03-21 20:38:01, 83922
2025-03-21 20:39:01, 83901
2025-03-21 20:40:01, 83885
2025-03-21 20:41:01, 83890
2025-03-21 20:42:02, 83831
2025-03-21 20:43:01, 83822
2025-03-21 20:44:01, 83770
2025-03-21 20:45:01, 83768
2025-03-21 20:46:01, 83806
2025-03-21 20:47:01, 83831
2025-03-21 20:48:01, 83865
2025-03-21 20:49:02, 83885
2025-03-21 20:50:01, 83885
2025-03-21 20:51:01, 83894
2025-03-21 20:52:01, 83881
2025-03-21 20:53:01, 83911
2025-03-21 20:54:01, 83935
2025-03-21 20:55:02, 83938
2025-03-21 20:56:01, 83938
2025-03-21 20:57:01, 83935
2025-03-21 20:58:01, 83958
2025-03-21 20:59:01, 83959
2025-03-21 21:00:01, 83960
2025-03-21 21:01:01, 83960
2025-03-21 21:02:02, 83956
2025-03-21 21:03:01, 83924
2025-03-21 21:04:01, 83908
2025-03-21 21:05:01, 83871
2025-03-21 21:06:01, 83858
2025-03-21 21:07:01, 83861
2025-03-21 21:08:02, 83912
2025-03-21 21:09:01, 83912
2025-03-21 21:10:01, 83896
2025-03-21 21:11:01, 83875
2025-03-21 21:12:01, 83829
2025-03-21 21:13:01, 83824
2025-03-21 21:14:02, 83807
2025-03-21 21:15:01, 83815
2025-03-21 21:16:01, 83851
2025-03-21 21:17:01, 83856
2025-03-21 21:18:01, 83834
2025-03-21 21:19:01, 83870
2025-03-21 21:20:02, 83901
2025-03-21 21:21:01, 83983
2025-03-21 21:22:01, 83981
2025-03-21 21:23:01, 83983
2025-03-21 21:24:01, 83980
2025-03-21 21:25:01, 83996
2025-03-21 21:26:02, 83989
2025-03-21 21:27:01, 83989
2025-03-21 21:28:01, 84010
2025-03-21 21:29:01, 84016
2025-03-21 21:30:01, 84025
2025-03-21 21:31:01, 84033
2025-03-21 21:32:01, 84048
2025-03-21 21:33:02, 84072
2025-03-21 21:34:01, 84080
2025-03-21 21:35:01, 84068
2025-03-21 21:36:01, 84066
2025-03-21 21:37:01, 84056
2025-03-21 21:38:01, 84052
2025-03-21 21:39:01, 84070
2025-03-21 21:40:02, 84078
2025-03-21 21:41:01, 84101
2025-03-21 21:42:01, 84100
2025-03-21 21:43:01, 84077
2025-03-21 21:44:01, 84071
2025-03-21 21:45:01, 84074
2025-03-21 21:46:02, 84096
2025-03-21 21:47:01, 84067
2025-03-21 21:48:01, 84067
2025-03-21 21:49:01, 84046
2025-03-21 21:50:01, 84043
2025-03-21 21:51:01, 84061
2025-03-21 21:52:02, 84077
2025-03-21 21:53:01, 84093
2025-03-21 21:54:01, 84100
2025-03-21 21:55:01, 84125
2025-03-21 21:56:01, 84135
2025-03-21 21:57:01, 84143
2025-03-21 21:58:01, 84167
2025-03-21 21:59:02, 84180
2025-03-21 22:00:01, 84187
2025-03-21 22:01:01, 84195
2025-03-21 22:02:01, 84195
2025-03-21 22:03:01, 84188
2025-03-21 22:04:01, 84188
2025-03-21 22:05:02, 84181
2025-03-21 22:06:01, 84176
2025-03-21 22:07:01, 84176
2025-03-21 22:08:01, 84145
2025-03-21 22:09:01, 84160
2025-03-21 22:10:01, 84202
2025-03-21 22:11:01, 84240
2025-03-21 22:12:02, 84234
2025-03-21 22:13:01, 84239
2025-03-21 22:14:01, 84254
2025-03-21 22:15:01, 84256
2025-03-21 22:16:01, 84288
2025-03-21 22:17:01, 84298
2025-03-21 22:18:01, 84298
2025-03-21 22:19:02, 84317
2025-03-21 22:20:01, 84317
2025-03-21 22:21:01, 84311
2025-03-21 22:22:01, 84299
2025-03-21 22:23:01, 84297
2025-03-21 22:24:02, 84300
2025-03-21 22:25:01, 84303
2025-03-21 22:26:01, 84317
2025-03-21 22:27:01, 84364
2025-03-21 22:28:01, 84344
2025-03-21 22:29:01, 84354
2025-03-21 22:30:01, 84359
2025-03-21 22:31:01, 84350
2025-03-21 22:32:02, 84335
2025-03-21 22:33:01, 84356
2025-03-21 22:34:01, 84369
2025-03-21 22:35:01, 84478
2025-03-21 22:36:01, 84469
2025-03-21 22:37:01, 84471
2025-03-21 22:38:01, 84509
2025-03-21 22:39:02, 84508
2025-03-21 22:40:01, 84508
2025-03-21 22:41:01, 84372
2025-03-21 22:42:01, 84369
2025-03-21 22:43:01, 84390
2025-03-21 22:44:01, 84385
2025-03-21 22:45:01, 84383
2025-03-21 22:46:01, 84376
2025-03-21 22:47:01, 84364
2025-03-21 22:48:01, 84337
2025-03-21 22:49:01, 84344
2025-03-21 22:50:02, 84344
2025-03-21 22:55:01, 84329
2025-03-21 23:00:01, 84248
2025-03-21 23:05:01, 84295
2025-03-21 23:10:01, 84277
2025-03-21 23:15:01, 84253
2025-03-21 23:20:02, 84324
2025-03-21 23:25:01, 84297
2025-03-21 23:30:01, 84264
2025-03-21 23:35:01, 84191
2025-03-21 23:40:01, 84109
2025-03-21 23:45:01, 84112
2025-03-21 23:50:02, 84068
2025-03-21 23:55:01, 84164
2025-03-22 00:00:01, 84145
2025-03-22 00:05:01, 84069
2025-03-22 00:10:01, 84112
2025-03-22 00:15:01, 84148
2025-03-22 00:20:02, 84142
2025-03-22 00:25:01, 84120
2025-03-22 00:30:01, 84090
2025-03-22 00:35:01, 84070
2025-03-22 00:40:01, 84063
2025-03-22 00:45:01, 84041
2025-03-22 00:50:01, 84050
2025-03-22 00:55:02, 84013
2025-03-22 01:00:01, 84038
2025-03-22 01:05:01, 84073
2025-03-22 01:10:01, 84036
2025-03-22 01:15:01, 84097
2025-03-22 01:20:01, 84102
2025-03-22 01:25:02, 84134
2025-03-22 01:30:01, 84201
2025-03-22 01:35:01, 84175
2025-03-22 01:40:01, 84199
2025-03-22 01:45:01, 84155
2025-03-22 01:50:01, 84078
2025-03-22 01:55:01, 84158
2025-03-22 02:00:02, 84190
2025-03-22 02:05:01, 84196
2025-03-22 02:10:01, 84281
2025-03-22 02:15:01, 84262
2025-03-22 02:20:01, 84245
2025-03-22 02:25:01, 84209
2025-03-22 02:30:01, 84199
2025-03-22 02:35:01, 84059
2025-03-22 02:40:02, 83994
2025-03-22 02:45:01, 84022
2025-03-22 02:50:01, 84012
2025-03-22 02:55:01, 84014
2025-03-22 03:00:01, 84073
2025-03-22 03:05:01, 84006
2025-03-22 03:10:01, 84062
2025-03-22 03:15:02, 84154
2025-03-22 03:20:01, 84150
2025-03-22 03:25:01, 84090
2025-03-22 03:30:01, 84163
2025-03-22 03:35:01, 84198
2025-03-22 03:40:01, 84212
2025-03-22 03:45:02, 84178
2025-03-22 03:50:01, 84203
2025-03-22 03:55:01, 84147
2025-03-22 04:00:01, 84130
2025-03-22 04:05:01, 84125
2025-03-22 04:10:01, 84116
2025-03-22 04:15:01, 84138
2025-03-22 04:20:01, 84173
2025-03-22 04:25:02, 84227
2025-03-22 04:30:01, 84205
2025-03-22 04:35:01, 84195
2025-03-22 04:40:01, 84200
2025-03-22 04:45:01, 84208
2025-03-22 04:50:01, 84203
2025-03-22 04:55:02, 84213
2025-03-22 05:00:01, 84236
2025-03-22 05:05:01, 84207
2025-03-22 05:10:01, 84190
2025-03-22 05:15:01, 84288
2025-03-22 05:20:01, 84298
2025-03-22 05:25:01, 84252
2025-03-22 05:30:02, 84197
2025-03-22 05:35:01, 84227
2025-03-22 05:40:01, 84231
2025-03-22 05:45:01, 84235
2025-03-22 05:50:01, 84257
2025-03-22 05:55:01, 84311
2025-03-22 06:00:02, 84352
2025-03-22 06:05:01, 84340
2025-03-22 06:10:01, 84306
2025-03-22 06:15:01, 84341
2025-03-22 06:20:01, 84340
2025-03-22 06:25:01, 84364
2025-03-22 06:30:01, 84337
2025-03-22 06:35:02, 84318
2025-03-22 06:40:01, 84273
2025-03-22 06:45:01, 84265
2025-03-22 06:50:01, 84295
2025-03-22 06:55:01, 84314
2025-03-22 07:00:01, 84261
2025-03-22 07:05:02, 84320
2025-03-22 07:10:01, 84344
2025-03-22 07:15:01, 84334
2025-03-22 07:20:01, 84342
2025-03-22 07:25:01, 84349
2025-03-22 07:30:01, 84266
2025-03-22 07:35:01, 84171
2025-03-22 07:40:01, 84212
2025-03-22 07:45:02, 84282
2025-03-22 07:50:01, 84270
2025-03-22 07:55:01, 84307
2025-03-22 08:00:01, 84309
2025-03-22 08:05:01, 84357
2025-03-22 08:10:01, 84348
2025-03-22 08:15:02, 84317
2025-03-22 08:20:01, 84304
2025-03-22 08:25:01, 84302
2025-03-22 08:30:01, 84303
2025-03-22 08:35:01, 84319
2025-03-22 08:40:01, 84321
2025-03-22 08:45:02, 84282
2025-03-22 08:50:01, 84262
2025-03-22 08:55:01, 84169
2025-03-22 09:00:01, 84199
2025-03-22 09:05:01, 84224
2025-03-22 09:10:01, 84239
2025-03-22 09:15:02, 84227
2025-03-22 09:20:01, 84224
2025-03-22 09:25:01, 84192
2025-03-22 09:30:01, 84160
2025-03-22 09:35:01, 84134
2025-03-22 09:40:01, 84150
2025-03-22 09:45:02, 84216
2025-03-22 09:50:01, 84203
2025-03-22 09:55:01, 84154
2025-03-22 10:00:01, 84203
2025-03-22 10:05:01, 84220
2025-03-22 10:10:01, 84218
2025-03-22 10:15:02, 84299
2025-03-22 10:20:01, 84327
2025-03-22 10:25:01, 84335
2025-03-22 10:30:01, 84312
2025-03-22 10:35:01, 84365
2025-03-22 10:40:02, 84407
2025-03-22 10:45:01, 84468
2025-03-22 10:50:01, 84468
2025-03-22 10:55:01, 84406
2025-03-22 11:00:02, 84356
2025-03-22 11:05:01, 84345
2025-03-22 11:10:01, 84326
2025-03-22 11:15:01, 84337
2025-03-22 11:20:01, 84358
2025-03-22 11:25:01, 84365
2025-03-22 11:30:01, 84358
2025-03-22 11:35:02, 84325
2025-03-22 11:40:01, 84373
2025-03-22 11:45:01, 84381
2025-03-22 11:50:01, 84346
2025-03-22 11:55:01, 84414
2025-03-22 12:00:01, 84395
2025-03-22 12:05:02, 84371
2025-03-22 12:10:01, 84339
2025-03-22 12:15:01, 84278
2025-03-22 12:20:01, 84270
2025-03-22 12:25:01, 84260
2025-03-22 12:30:01, 84296
2025-03-22 12:35:02, 84301
2025-03-22 12:40:01, 84251
2025-03-22 12:45:01, 84231
2025-03-22 12:50:01, 84232
2025-03-22 12:55:01, 84176
2025-03-22 13:00:01, 84218
2025-03-22 13:05:01, 84191
2025-03-22 13:10:02, 84216
2025-03-22 13:15:01, 84236
2025-03-22 13:20:01, 84249
2025-03-22 13:25:01, 84255
2025-03-22 13:30:01, 84203
2025-03-22 13:35:01, 84181
2025-03-22 13:40:01, 84174
2025-03-22 13:45:01, 84179
2025-03-22 13:50:02, 84187
2025-03-22 13:55:01, 84217
2025-03-22 14:00:01, 84212
2025-03-22 14:05:01, 84215
2025-03-22 14:10:01, 84175
2025-03-22 14:15:01, 84193
2025-03-22 14:20:02, 84194
2025-03-22 14:25:01, 84179
2025-03-22 14:30:01, 84080
2025-03-22 14:35:01, 84070
2025-03-22 14:40:01, 84049
2025-03-22 14:45:02, 84115
2025-03-22 14:50:01, 84119
2025-03-22 14:55:01, 84122
2025-03-22 15:00:01, 84161
2025-03-22 15:05:01, 84106
2025-03-22 15:10:01, 84111
2025-03-22 15:15:01, 84131
2025-03-22 15:20:02, 84180
2025-03-22 15:25:01, 84143
2025-03-22 15:30:01, 84080
2025-03-22 15:35:01, 84070
2025-03-22 15:40:01, 84068
2025-03-22 15:45:02, 84052
2025-03-22 15:50:01, 84031
2025-03-22 15:55:01, 83985
2025-03-22 16:00:01, 84021
2025-03-22 16:05:01, 83974
2025-03-22 16:10:01, 83992
2025-03-22 16:15:02, 84036
2025-03-22 16:20:01, 84019
2025-03-22 16:25:01, 84033
2025-03-22 16:30:01, 83998
2025-03-22 16:35:01, 83977
2025-03-22 16:40:01, 84042
2025-03-22 16:45:02, 84041
2025-03-22 16:50:01, 84039
2025-03-22 16:55:01, 84040
2025-03-22 17:00:01, 84112
2025-03-22 17:05:01, 84067
2025-03-22 17:10:01, 84055
2025-03-22 17:15:02, 84088
2025-03-22 17:20:01, 84089
2025-03-22 17:25:01, 84106
2025-03-22 17:30:01, 84115
2025-03-22 17:35:01, 84116
2025-03-22 17:40:01, 84093
2025-03-22 17:45:02, 84115
2025-03-22 17:50:01, 84073
2025-03-22 17:55:01, 84114
2025-03-22 18:00:01, 84127
2025-03-22 18:05:01, 84123
2025-03-22 18:10:02, 84123
2025-03-22 18:15:01, 84136
2025-03-22 18:20:01, 84119
2025-03-22 18:25:01, 84118
2025-03-22 18:30:01, 84179
2025-03-22 18:35:01, 84163
2025-03-22 18:40:02, 84159
2025-03-22 18:45:01, 84187
2025-03-22 18:50:01, 84181
2025-03-22 18:55:01, 84254
2025-03-22 19:00:01, 84233
2025-03-22 19:05:01, 84246
2025-03-22 19:10:02, 84193
2025-03-22 19:15:01, 84230
2025-03-22 19:20:01, 84257
2025-03-22 19:25:01, 84278
2025-03-22 19:30:01, 84243
2025-03-22 19:35:01, 84195
2025-03-22 19:40:02, 84193
2025-03-22 19:45:01, 84251
2025-03-22 19:50:01, 84287
2025-03-22 19:55:01, 84256
2025-03-22 20:00:01, 84253
2025-03-22 20:05:01, 84189
2025-03-22 20:10:02, 84224
2025-03-22 20:15:01, 84239
2025-03-22 20:20:01, 84198
2025-03-22 20:25:01, 84225
2025-03-22 20:30:01, 84188
2025-03-22 20:35:01, 84212
2025-03-22 20:40:02, 84222
2025-03-22 20:45:01, 84197
2025-03-22 20:50:01, 84202
2025-03-22 20:55:01, 84155
2025-03-22 21:00:01, 84152
2025-03-22 21:05:01, 84171
2025-03-22 21:10:02, 84165
2025-03-22 21:15:01, 84196
2025-03-22 21:20:01, 84153
2025-03-22 21:25:01, 84133
2025-03-22 21:30:01, 84162
2025-03-22 21:35:01, 84188
2025-03-22 21:40:01, 84191
2025-03-22 21:45:02, 84150
2025-03-22 21:50:01, 84120
2025-03-22 21:55:01, 84039
2025-03-22 22:00:01, 83991
2025-03-22 22:05:01, 83864
2025-03-22 22:10:01, 83925
2025-03-22 22:15:02, 84055
2025-03-22 22:20:01, 84056
2025-03-22 22:25:01, 84023
2025-03-22 22:30:01, 84013
2025-03-22 22:35:01, 84035
2025-03-22 22:40:02, 83998
2025-03-22 22:45:01, 83951
2025-03-22 22:50:01, 84024
2025-03-22 22:55:01, 84038
2025-03-22 23:00:01, 84008
2025-03-22 23:05:01, 84010
2025-03-22 23:10:01, 84005
2025-03-22 23:15:02, 84016
2025-03-22 23:20:01, 84039
2025-03-22 23:25:01, 84060
2025-03-22 23:30:01, 84009
2025-03-22 23:35:01, 84012
2025-03-22 23:40:01, 83982
2025-03-22 23:45:01, 83983
2025-03-22 23:50:01, 83985
2025-03-22 23:55:01, 83972
2025-03-23 00:00:01, 83945
2025-03-23 00:05:01, 83939
2025-03-23 00:10:01, 83844
2025-03-23 00:15:01, 83859
2025-03-23 00:20:01, 83903
2025-03-23 00:25:01, 83909
2025-03-23 00:30:01, 83893
2025-03-23 00:35:01, 83865
2025-03-23 00:40:01, 83705
2025-03-23 00:45:02, 83748
2025-03-23 00:50:01, 83739
2025-03-23 00:55:01, 83803
2025-03-23 01:00:01, 83825
2025-03-23 01:05:01, 83809
2025-03-23 01:10:01, 83857
2025-03-23 01:15:02, 83881
2025-03-23 01:20:01, 83940
2025-03-23 01:25:01, 83968
2025-03-23 01:30:01, 84021
2025-03-23 01:35:02, 83945
2025-03-23 01:40:01, 84033
2025-03-23 01:45:01, 84031
2025-03-23 01:50:01, 83999
2025-03-23 01:55:01, 83977
2025-03-23 02:00:01, 83998
2025-03-23 02:05:01, 84017
2025-03-23 02:10:02, 83974
2025-03-23 02:15:01, 84005
2025-03-23 02:20:01, 84086
2025-03-23 02:25:01, 84108
2025-03-23 02:30:01, 84104
2025-03-23 02:35:01, 84047
2025-03-23 02:40:01, 84048
2025-03-23 02:45:01, 84104
2025-03-23 02:50:02, 84072
2025-03-23 02:55:01, 84027
2025-03-23 03:00:01, 84057
2025-03-23 03:05:01, 84044
2025-03-23 03:10:01, 84011
2025-03-23 03:15:01, 83989
2025-03-23 03:20:01, 84033
2025-03-23 03:25:02, 84058
2025-03-23 03:30:01, 84103
2025-03-23 03:35:01, 84122
2025-03-23 03:40:01, 84236
2025-03-23 03:45:01, 84207
2025-03-23 03:50:01, 84231
2025-03-23 03:55:01, 84248
2025-03-23 04:00:02, 84222
2025-03-23 04:05:01, 84194
2025-03-23 04:10:01, 84126
2025-03-23 04:15:01, 84154
2025-03-23 04:20:01, 84199
2025-03-23 04:25:01, 84213
2025-03-23 04:30:01, 84171
2025-03-23 04:35:02, 84168
2025-03-23 04:40:01, 84159
2025-03-23 04:45:01, 84182
2025-03-23 04:50:01, 84214
2025-03-23 04:55:01, 84220
2025-03-23 05:00:01, 84193
2025-03-23 05:05:02, 84124
2025-03-23 05:10:01, 84107
2025-03-23 05:15:01, 84080
2025-03-23 05:20:01, 84065
2025-03-23 05:25:01, 84097
2025-03-23 05:30:01, 84082
2025-03-23 05:35:01, 84110
2025-03-23 05:40:02, 84113
2025-03-23 05:45:01, 84099
2025-03-23 05:50:01, 84076
2025-03-23 05:55:01, 84071
2025-03-23 06:00:01, 84087
2025-03-23 06:05:01, 84125
2025-03-23 06:10:02, 84127
2025-03-23 06:15:01, 84125
2025-03-23 06:20:01, 84114
2025-03-23 06:25:01, 84096
2025-03-23 06:30:01, 84105
2025-03-23 06:35:01, 84115
2025-03-23 06:40:02, 84170
2025-03-23 06:45:01, 84180
2025-03-23 06:50:01, 84191
2025-03-23 06:55:01, 84233
2025-03-23 07:00:01, 84212
2025-03-23 07:05:01, 84216
2025-03-23 07:10:01, 84192
2025-03-23 07:15:02, 84196
2025-03-23 07:20:01, 84198
2025-03-23 07:25:01, 84221
2025-03-23 07:30:01, 84205
2025-03-23 07:35:01, 84237
2025-03-23 07:40:01, 84224
2025-03-23 07:45:02, 84241
2025-03-23 07:50:01, 84266
2025-03-23 07:55:01, 84277
2025-03-23 08:00:01, 84237
2025-03-23 08:05:01, 84213
2025-03-23 08:10:01, 84201
2025-03-23 08:15:02, 84216
2025-03-23 08:20:01, 84218
2025-03-23 08:25:01, 84237
2025-03-23 08:30:01, 84264
2025-03-23 08:35:01, 84257
2025-03-23 08:40:01, 84277
2025-03-23 08:45:02, 84309
2025-03-23 08:50:01, 84295
2025-03-23 08:55:01, 84312
2025-03-23 09:00:01, 84261
2025-03-23 09:05:01, 84298
2025-03-23 09:10:01, 84248
2025-03-23 09:15:02, 84279
2025-03-23 09:20:01, 84295
2025-03-23 09:25:01, 84311
2025-03-23 09:30:01, 84318
2025-03-23 09:35:01, 84289
2025-03-23 09:40:01, 84316
2025-03-23 09:45:02, 84321
2025-03-23 09:50:01, 84332
2025-03-23 09:55:01, 84317
2025-03-23 10:00:01, 84320
2025-03-23 10:05:01, 84351
2025-03-23 10:10:01, 84339
2025-03-23 10:15:01, 84323
2025-03-23 10:20:02, 84309
2025-03-23 10:25:01, 84322
2025-03-23 10:30:01, 84327
2025-03-23 10:35:01, 84340
2025-03-23 10:40:01, 84336
2025-03-23 10:45:01, 84338
2025-03-23 10:50:01, 84332
2025-03-23 10:55:01, 84328
2025-03-23 11:00:02, 84311
2025-03-23 11:05:01, 84310
2025-03-23 11:10:01, 84310
2025-03-23 11:15:01, 84307
2025-03-23 11:20:01, 84339
2025-03-23 11:25:01, 84335
2025-03-23 11:30:01, 84334
2025-03-23 11:35:02, 84333
2025-03-23 11:40:01, 84346
2025-03-23 11:45:01, 84412
2025-03-23 11:50:01, 84467
2025-03-23 11:55:01, 84471
2025-03-23 12:00:01, 84450
2025-03-23 12:05:01, 84520
2025-03-23 12:10:01, 84780
2025-03-23 12:15:02, 84706
2025-03-23 12:20:01, 84761
2025-03-23 12:25:01, 84782
2025-03-23 12:30:01, 84998
2025-03-23 12:35:01, 84907
2025-03-23 12:40:01, 84745
2025-03-23 12:45:01, 84834
2025-03-23 12:50:02, 84835
2025-03-23 12:55:01, 84679
2025-03-23 13:00:01, 84630
2025-03-23 13:05:01, 84714
2025-03-23 13:10:01, 84755
2025-03-23 13:15:01, 84676
2025-03-23 13:20:01, 84657
2025-03-23 13:25:02, 84584
2025-03-23 13:30:01, 84674
2025-03-23 13:35:01, 84733
2025-03-23 13:40:01, 84776
2025-03-23 13:45:01, 84725
2025-03-23 13:50:01, 84815
2025-03-23 13:55:01, 84761
2025-03-23 14:00:01, 84697
2025-03-23 14:05:01, 84716
2025-03-23 14:10:01, 84637
2025-03-23 14:15:01, 84693
2025-03-23 14:20:01, 84837
2025-03-23 14:25:01, 84888
2025-03-23 14:30:01, 84950
2025-03-23 14:35:02, 84994
2025-03-23 14:40:01, 84870
2025-03-23 14:45:01, 84880
2025-03-23 14:50:01, 84893
2025-03-23 14:55:01, 84958
2025-03-23 15:00:01, 85010
2025-03-23 15:05:01, 85166
2025-03-23 15:10:02, 84952
2025-03-23 15:15:01, 84978
2025-03-23 15:20:01, 85015
2025-03-23 15:25:01, 84900
2025-03-23 15:30:01, 84867
2025-03-23 15:35:01, 84940
2025-03-23 15:40:02, 85001
2025-03-23 15:45:01, 84970
2025-03-23 15:50:01, 85009
2025-03-23 15:55:01, 84852
2025-03-23 16:00:01, 84966
2025-03-23 16:05:01, 84929
2025-03-23 16:10:02, 84987
2025-03-23 16:15:01, 85004
2025-03-23 16:20:01, 84998
2025-03-23 16:25:01, 85144
2025-03-23 16:30:01, 85102
2025-03-23 16:35:02, 85027
2025-03-23 16:40:01, 85149
2025-03-23 16:45:01, 85223
2025-03-23 16:50:01, 85165
2025-03-23 16:55:01, 85134
2025-03-23 17:00:02, 85123
2025-03-23 17:05:01, 85138
2025-03-23 17:10:01, 85111
2025-03-23 17:15:01, 85215
2025-03-23 17:20:01, 85234
2025-03-23 17:25:01, 85273
2025-03-23 17:30:02, 85295
2025-03-23 17:35:01, 85195
2025-03-23 17:40:01, 84944
2025-03-23 17:45:01, 85033
2025-03-23 17:50:02, 85307
2025-03-23 17:55:01, 85305
2025-03-23 18:00:01, 85264
2025-03-23 18:05:01, 85293
2025-03-23 18:10:01, 85371
2025-03-23 18:15:02, 85329
2025-03-23 18:20:01, 85365
2025-03-23 18:25:01, 85355
2025-03-23 18:30:01, 85297
2025-03-23 18:35:01, 85097
2025-03-23 18:40:01, 85093
2025-03-23 18:45:01, 85018
2025-03-23 18:50:01, 85018
2025-03-23 18:55:02, 84977
2025-03-23 19:00:01, 84962
2025-03-23 19:05:01, 84938
2025-03-23 19:10:01, 84915
2025-03-23 19:15:01, 84891
2025-03-23 19:20:01, 84964
2025-03-23 19:25:01, 84880
2025-03-23 19:30:02, 84837
2025-03-23 19:35:01, 84874
2025-03-23 19:40:01, 84917
2025-03-23 19:45:01, 84894
2025-03-23 19:50:02, 85024
2025-03-23 19:55:01, 85000
2025-03-23 20:00:01, 84994
2025-03-23 20:05:01, 84936
2025-03-23 20:10:01, 84970
2025-03-23 20:15:01, 85080
2025-03-23 20:20:02, 85035
2025-03-23 20:25:01, 85029
2025-03-23 20:30:01, 85005
2025-03-23 20:35:01, 84976
2025-03-23 20:40:01, 84979
2025-03-23 20:45:02, 85008
2025-03-23 20:50:01, 85000
2025-03-23 20:55:01, 85023
2025-03-23 21:00:01, 85023
2025-03-23 21:05:02, 85155
2025-03-23 21:10:01, 85141
2025-03-23 21:15:01, 85135
2025-03-23 21:20:01, 85135
2025-03-23 21:25:01, 85173
2025-03-23 21:30:02, 85166
2025-03-23 21:35:01, 85228
2025-03-23 21:40:01, 85188
2025-03-23 21:45:01, 85199
2025-03-23 21:50:01, 85272
2025-03-23 21:55:02, 85159
2025-03-23 22:00:01, 85135
2025-03-23 22:05:01, 85053
2025-03-23 22:10:01, 85048
2025-03-23 22:15:02, 84992
2025-03-23 22:20:01, 84918
2025-03-23 22:25:01, 84999
2025-03-23 22:30:01, 85005
2025-03-23 22:35:01, 85003
2025-03-23 22:40:02, 85032
2025-03-23 22:45:01, 85042
2025-03-23 22:50:01, 84978
2025-03-23 22:55:01, 85154
2025-03-23 23:00:01, 85146
2025-03-23 23:05:02, 85316
2025-03-23 23:10:01, 85267
2025-03-23 23:15:01, 85369
2025-03-23 23:20:01, 85474
2025-03-23 23:25:01, 85577
2025-03-23 23:30:02, 85553
2025-03-23 23:35:01, 85501
2025-03-23 23:40:01, 85493
2025-03-23 23:45:01, 85381
2025-03-23 23:50:01, 85294
2025-03-23 23:55:02, 85319
2025-03-24 00:00:01, 85401
2025-03-24 00:05:01, 85485
2025-03-24 00:10:01, 85513
2025-03-24 00:15:01, 85466
2025-03-24 00:20:02, 85556
2025-03-24 00:25:01, 85614
2025-03-24 00:30:01, 85676
2025-03-24 00:35:01, 85760
2025-03-24 00:40:01, 85769
2025-03-24 00:45:01, 85671
2025-03-24 00:50:02, 85707
2025-03-24 00:55:01, 85742
2025-03-24 01:00:01, 86053
2025-03-24 01:05:01, 86014
2025-03-24 01:10:01, 85913
2025-03-24 01:15:01, 85959
2025-03-24 01:20:01, 86078
2025-03-24 01:25:02, 86238
2025-03-24 01:30:01, 86349
2025-03-24 01:35:01, 86434
2025-03-24 01:40:01, 86522
2025-03-24 01:45:01, 86226
2025-03-24 01:50:01, 86235
2025-03-24 01:55:02, 86174
2025-03-24 02:00:01, 86104
2025-03-24 02:05:01, 85887
2025-03-24 02:10:01, 85799
2025-03-24 02:15:01, 85799
2025-03-24 02:20:01, 85846
2025-03-24 02:25:01, 85857
2025-03-24 02:30:01, 85726
2025-03-24 02:35:01, 85694
2025-03-24 02:40:01, 85593
2025-03-24 02:45:01, 85651
2025-03-24 02:50:02, 85672
2025-03-24 02:55:01, 85714
2025-03-24 03:00:01, 85563
2025-03-24 03:05:01, 85640
2025-03-24 03:10:01, 85735
2025-03-24 03:15:01, 85669
2025-03-24 03:20:01, 85680
2025-03-24 03:25:02, 85666
2025-03-24 03:30:01, 85681
2025-03-24 03:35:01, 85764
2025-03-24 03:40:01, 85688
2025-03-24 03:45:01, 85760
2025-03-24 03:50:02, 85847
2025-03-24 03:55:01, 85843
2025-03-24 04:00:01, 85918
2025-03-24 04:05:01, 85918
2025-03-24 04:10:01, 86192
2025-03-24 04:15:02, 86163
2025-03-24 04:20:01, 86158
2025-03-24 04:25:01, 86465
2025-03-24 04:30:01, 86396
2025-03-24 04:35:01, 86249
2025-03-24 04:40:01, 86387
2025-03-24 04:45:02, 86289
2025-03-24 04:50:01, 86249
2025-03-24 04:55:01, 86407
2025-03-24 05:00:01, 86472
2025-03-24 05:05:01, 86727
2025-03-24 05:10:01, 86788
2025-03-24 05:15:01, 86632
2025-03-24 05:20:01, 86672
2025-03-24 05:25:01, 86786
2025-03-24 05:30:01, 86772
2025-03-24 05:35:01, 86719
2025-03-24 05:40:01, 86717
2025-03-24 05:45:02, 86688
2025-03-24 05:50:01, 86909
2025-03-24 05:55:01, 86894
2025-03-24 06:00:01, 86799
2025-03-24 06:05:01, 86944
2025-03-24 06:10:01, 86941
2025-03-24 06:15:01, 86949
2025-03-24 06:20:01, 86990
2025-03-24 06:25:01, 86956
2025-03-24 06:30:01, 86825
2025-03-24 06:35:01, 86911
2025-03-24 06:40:01, 86986
2025-03-24 06:45:01, 86931
2025-03-24 06:50:02, 86916
2025-03-24 06:55:01, 86882
2025-03-24 07:00:01, 86915
2025-03-24 07:05:01, 86975
2025-03-24 07:10:01, 86973
2025-03-24 07:15:01, 87144
2025-03-24 07:20:01, 87239
2025-03-24 07:25:01, 87039
2025-03-24 07:30:01, 86980
2025-03-24 07:35:02, 86940
2025-03-24 07:40:01, 86941
2025-03-24 07:45:01, 86947
2025-03-24 07:50:02, 87031
2025-03-24 07:55:01, 87162
2025-03-24 08:00:01, 87120
2025-03-24 08:05:02, 87168
2025-03-24 08:10:01, 87168
2025-03-24 08:15:01, 86991
2025-03-24 08:20:01, 87088
2025-03-24 08:25:02, 86988
2025-03-24 08:30:01, 86945
2025-03-24 08:35:01, 86846
2025-03-24 08:40:01, 86777
2025-03-24 08:45:02, 86797
2025-03-24 08:50:01, 86905
2025-03-24 08:55:01, 86974
2025-03-24 09:00:01, 86898
2025-03-24 09:05:02, 86988
2025-03-24 09:10:01, 87079
2025-03-24 09:15:01, 87159
2025-03-24 09:20:01, 87181
2025-03-24 09:25:01, 87292
2025-03-24 09:30:02, 87329
2025-03-24 09:35:01, 87333
2025-03-24 09:40:01, 87372
2025-03-24 09:45:01, 87421
2025-03-24 09:50:01, 87427
2025-03-24 09:55:01, 87497
2025-03-24 10:00:01, 87468
2025-03-24 10:05:01, 87419
2025-03-24 10:10:02, 87407
2025-03-24 10:15:01, 87268
2025-03-24 10:20:01, 87360
2025-03-24 10:25:02, 87258
2025-03-24 10:30:01, 87171
